<?xml version="1.0" encoding="UTF-8"?>
<tileset version="1.10" tiledversion="1.11.2"
         name="decoracion"
         tilewidth="128" tileheight="128"
         tilerendersize="tile"
         tilecount="13" columns="0">
  <grid orientation="orthogonal" width="1" height="1"/>
 <tile id="0">
  <image source="../img/images_tiled/Bush (1).png" width="133" height="65"/>
 </tile>
 <tile id="1">
  <image source="../img/images_tiled/Bush (2).png" width="133" height="65"/>
 </tile>
 <tile id="2">
  <image source="../img/images_tiled/Bush (3).png" width="73" height="47"/>
 </tile>
 <tile id="3">
  <image source="../img/images_tiled/Bush (4).png" width="73" height="46"/>
 </tile>
 <tile id="4">
  <image source="../img/images_tiled/Crate.png" width="77" height="77"/>
 </tile>
 <tile id="5">
  <image source="../img/images_tiled/Mushroom_1.png" width="49" height="41"/>
 </tile>
 <tile id="6">
  <image source="../img/images_tiled/Mushroom_2.png" width="50" height="41"/>
 </tile>
 <tile id="7">
  <image source="../img/images_tiled/Sign_1.png" width="63" height="65"/>
 </tile>
 <tile id="8">
  <image source="../img/images_tiled/Sign_2.png" width="62" height="64"/>
 </tile>
 <tile id="9">
  <image source="../img/images_tiled/Stone.png" width="90" height="54"/>
 </tile>
 <tile id="10">
  <image source="../img/images_tiled/Tree_1.png" width="116" height="44"/>
 </tile>
 <tile id="11">
  <image source="../img/images_tiled/Tree_2.png" width="282" height="301"/>
 </tile>
 <tile id="12">
  <image source="../img/images_tiled/Tree_3.png" width="282" height="275"/>
 </tile>
</tileset>
