<?xml version="1.0" encoding="UTF-8"?>
<tileset version="1.10" tiledversion="1.11.2" name="plataforma" tilewidth="128" tileheight="93" tilecount="3" columns="0">
 <tileoffset x="0" y="-35"/>
 <grid orientation="orthogonal" width="1" height="1"/>
 <tile id="0">
  <image source="../img/images_tiled/13.png" width="128" height="93"/>
  <objectgroup draworder="index" id="2">
   <object id="1" x="1.5" y="0.5">
    <polygon points="-2,0 126,0 127,91.5 105,91.5 91,89.5 59,72.5 52.5,67 45.5,53.5 20,51.5 8.5,44.5 2.5,35 3,28 -1.5,28"/>
   </object>
  </objectgroup>
 </tile>
 <tile id="1">
  <image source="../img/images_tiled/14.png" width="128" height="93"/>
  <objectgroup draworder="index" id="3">
   <object id="2" x="1" y="-0.5" width="127" height="92.5"/>
  </objectgroup>
 </tile>
 <tile id="2">
  <image source="../img/images_tiled/15.png" width="128" height="93"/>
  <objectgroup draworder="index" id="2">
   <object id="1" x="1" y="0">
    <polygon points="0,0 126.5,0 128,28.5 122.5,31 114,49 101,53 81.5,54 72,68 36,90 18,93.5 -1,93.5"/>
   </object>
  </objectgroup>
 </tile>
</tileset>
